title,creator,date,description,subject,location,latitude,longitude,source,identifier,type,format,language,rights,rightsstatement,reference_url
"El edificio de la Asociación Cristiana de Jovenes","Cortés, Antonio; Carrillo, Antonio; Corona, Prisciliano; Escalante, José","1910-09-10","Asociación Cristiana de Jóvenes (Inauguraciones)","Arquitectura;Inauguraciones;Iglesia Católica;Juventud","Ciudad de México, México","19.432934","-99.148595","Genaro García Collection: Photographs, Benson Latin American Collection, LLILAS Benson Latin American Studies and Collections, The University of Texas at Austin","448","Image;StillImage","image/jpeg","spa","Dominio público","https://creativecommons.org/publicdomain/mark/1.0/","https://jesilove.github.io/untref-collection-builder/item.html?id=cent_001"
"[La vanguardia del desfile de carros alegóricos del comercio]","Cortés, Antonio; Carrillo, Antonio; Corona, Prisciliano; Escalante, José","1910-09-04","Desfile de carros alegóricos del Comercio (Procesiones públicas)","Carrozas de desfiles;Industrias manufactureras","Ciudad de México, México","","","Genaro García Collection: Photographs, Benson Latin American Collection, LLILAS Benson Latin American Studies and Collections, The University of Texas at Austin","246","Image;StillImage","image/jpeg","spa","Dominio público","https://creativecommons.org/publicdomain/mark/1.0/","https://jesilove.github.io/untref-collection-builder/item.html?id=cent_002"
"La vanguardia del desfile de carros alegóricos del comercio","Cortés, Antonio; Carrillo, Antonio; Corona, Prisciliano; Escalante, José","1910-09-04","Desfile de carros alegóricos del Comercio (Procesiones públicas)","Carrozas de desfiles;Industrias manufactureras","Ciudad de México, México","","","Genaro García Collection: Photographs, Benson Latin American Collection, LLILAS Benson Latin American Studies and Collections, The University of Texas at Austin","248","Image;StillImage","image/jpeg","spa","Dominio público","https://creativecommons.org/publicdomain/mark/1.0/","https://jesilove.github.io/untref-collection-builder/item.html?id=cent_003"
"[La vanguardia del desfile de carros alegóricos del comercio]","Cortés, Antonio; Carrillo, Antonio; Corona, Prisciliano; Escalante, José","1910-09-04","Desfile de carros alegóricos del Comercio (Procesiones públicas)","Carrozas de desfiles;Industrias manufactureras","Ciudad de México, México","","","Genaro García Collection: Photographs, Benson Latin American Collection, LLILAS Benson Latin American Studies and Collections, The University of Texas at Austin","249","Image;StillImage","image/jpeg","spa","Dominio público","https://creativecommons.org/publicdomain/mark/1.0/","https://jesilove.github.io/untref-collection-builder/item.html?id=cent_004"
"El carro alegórico de la Agricultura","Cortés, Antonio; Carrillo, Antonio; Corona, Prisciliano; Escalante, José","1910-09-04","Desfile de carros alegóricos del Comercio (Procesiones públicas)","Carrozas de desfiles;Industrias manufactureras","Ciudad de México, México","19.471922","-99.195622","Genaro García Collection: Photographs, Benson Latin American Collection, LLILAS Benson Latin American Studies and Collections, The University of Texas at Austin","257","Image;StillImage","image/jpeg","spa","Dominio público","https://creativecommons.org/publicdomain/mark/1.0/","https://jesilove.github.io/untref-collection-builder/item.html?id=cent_005"
"[El carro alegórico de la Agricultura]","Cortés, Antonio; Carrillo, Antonio; Corona, Prisciliano; Escalante, José","1910-09-04","Desfile de carros alegóricos del Comercio (Procesiones públicas)","Mujeres;Carrozas de desfiles;Industrias manufactureras","Ciudad de México, México","","","Genaro García Collection: Photographs, Benson Latin American Collection, LLILAS Benson Latin American Studies and Collections, The University of Texas at Austin","261","Image;StillImage","image/jpeg","spa","Dominio público","https://creativecommons.org/publicdomain/mark/1.0/","https://jesilove.github.io/untref-collection-builder/item.html?id=cent_006"
"El carro alegórico de la Cervecería de Toluca y México","Cortés, Antonio; Carrillo, Antonio; Corona, Prisciliano; Escalante, José","1910-09-04","Desfile de carros alegóricos del Comercio (Procesiones públicas)","Cerveceros;Carrozas de desfiles;Industrias manufactureras","Ciudad de México, México","","","Genaro García Collection: Photographs, Benson Latin American Collection, LLILAS Benson Latin American Studies and Collections, The University of Texas at Austin","269","Image;StillImage","image/jpeg","spa","Dominio público","https://creativecommons.org/publicdomain/mark/1.0/","https://jesilove.github.io/untref-collection-builder/item.html?id=cent_007"
"El carro alegórico de &quot;El Palacio de Hierro&quot;","Cortés, Antonio; Carrillo, Antonio; Corona, Prisciliano; Escalante, José","1910-09-04","Desfile de carros alegóricos del Comercio (Procesiones públicas)","Carrozas de desfiles;Industrias manufactureras","Ciudad de México, México","","","Genaro García Collection: Photographs, Benson Latin American Collection, LLILAS Benson Latin American Studies and Collections, The University of Texas at Austin","281","Image;StillImage","image/jpeg","spa","Dominio público","https://creativecommons.org/publicdomain/mark/1.0/","https://jesilove.github.io/untref-collection-builder/item.html?id=cent_008"
"[El carro alegórico de &quot;El Palacio de Hierro&quot;]","Cortés, Antonio; Carrillo, Antonio; Corona, Prisciliano; Escalante, José","1910-09-04","Desfile de carros alegóricos del Comercio (Procesiones públicas)","Carrozas de desfiles;Industrias manufactureras","Ciudad de México, México","","","Genaro García Collection: Photographs, Benson Latin American Collection, LLILAS Benson Latin American Studies and Collections, The University of Texas at Austin","283","Image;StillImage","image/jpeg","spa","Dominio público","https://creativecommons.org/publicdomain/mark/1.0/","https://jesilove.github.io/untref-collection-builder/item.html?id=cent_009"
"[Flecheros mexicanos]","Cortés, Antonio; Carrillo, Antonio; Corona, Prisciliano; Escalante, José","1910-09-15","Desfile Histórico (Procesiones públicas)","Indígenas;Procesiones","Ciudad de México, México","19.434054","-99.140318","Genaro García Collection: Photographs, Benson Latin American Collection, LLILAS Benson Latin American Studies and Collections, The University of Texas at Austin","215","Image;StillImage","image/jpeg","spa","Dominio público","https://creativecommons.org/publicdomain/mark/1.0/","https://jesilove.github.io/untref-collection-builder/item.html?id=cent_010"
"Guerreros mexicanos","Cortés, Antonio; Carrillo, Antonio; Corona, Prisciliano; Escalante, José","1910-09-15","Desfile Histórico (Procesiones públicas)","Indígenas;Procesiones","Ciudad de México, México","19.434054","-99.140318","Genaro García Collection: Photographs, Benson Latin American Collection, LLILAS Benson Latin American Studies and Collections, The University of Texas at Austin","216","Image;StillImage","image/jpeg","spa","Dominio público","https://creativecommons.org/publicdomain/mark/1.0/","https://jesilove.github.io/untref-collection-builder/item.html?id=cent_011"
"Caballeros-Tigres","Cortés, Antonio; Carrillo, Antonio; Corona, Prisciliano; Escalante, José","1910-09-15","Desfile Histórico (Procesiones públicas)","Indígenas;Procesiones","Ciudad de México, México","19.434054","-99.140318","Genaro García Collection: Photographs, Benson Latin American Collection, LLILAS Benson Latin American Studies and Collections, The University of Texas at Austin","217","Image;StillImage","image/jpeg","spa","Dominio público","https://creativecommons.org/publicdomain/mark/1.0/","https://jesilove.github.io/untref-collection-builder/item.html?id=cent_012"
"Doña Marina y sus acompañantes","Cortés, Antonio; Carrillo, Antonio; Corona, Prisciliano; Escalante, José","1910-09-15","Desfile Histórico (Procesiones públicas)","Indígenas;Mujeres;Procesiones","Ciudad de México, México","19.434054","-99.140318","Genaro García Collection: Photographs, Benson Latin American Collection, LLILAS Benson Latin American Studies and Collections, The University of Texas at Austin","223","Image;StillImage","image/jpeg","spa","Dominio público","https://creativecommons.org/publicdomain/mark/1.0/","https://jesilove.github.io/untref-collection-builder/item.html?id=cent_013"
"El Oidor decano, el Virrey y el Alférez Real","Cortés, Antonio; Carrillo, Antonio; Corona, Prisciliano; Escalante, José","1910-09-15","Desfile Histórico (Procesiones públicas)","Procesiones","Ciudad de México, México","19.434054","-99.140318","Genaro García Collection: Photographs, Benson Latin American Collection, LLILAS Benson Latin American Studies and Collections, The University of Texas at Austin","230","Image;StillImage","image/jpeg","spa","Dominio público","https://creativecommons.org/publicdomain/mark/1.0/","https://jesilove.github.io/untref-collection-builder/item.html?id=cent_014"
"Carro alegórico del Estado de Michoacán","Cortés, Antonio; Carrillo, Antonio; Corona, Prisciliano; Escalante, José","1910-09-15","Desfile Histórico (Procesiones públicas)","Procesiones","Ciudad de México, México","19.434054","-99.140318","Genaro García Collection: Photographs, Benson Latin American Collection, LLILAS Benson Latin American Studies and Collections, The University of Texas at Austin","237","Image;StillImage","image/jpeg","spa","Dominio público","https://creativecommons.org/publicdomain/mark/1.0/","https://jesilove.github.io/untref-collection-builder/item.html?id=cent_015"
"Calles del 5 de Febrero (Norte a Sur)","Cortés, Antonio; Carrillo, Antonio; Corona, Prisciliano; Escalante, José","1910-09-16","El Grito","Vida en la calle","Ciudad de México, México","19.432445","-99.131193","Genaro García Collection: Photographs, Benson Latin American Collection, LLILAS Benson Latin American Studies and Collections, The University of Texas at Austin","389","Image;StillImage","image/jpeg","spa","Dominio público","https://creativecommons.org/publicdomain/mark/1.0/","https://jesilove.github.io/untref-collection-builder/item.html?id=cent_016"
"[Avenida del 5 de Mayo]","Cortés, Antonio; Carrillo, Antonio; Corona, Prisciliano; Escalante, José","1910-09-16","El Grito","Vida en la calle","Ciudad de México, México","19.36533","-99.204539","Genaro García Collection: Photographs, Benson Latin American Collection, LLILAS Benson Latin American Studies and Collections, The University of Texas at Austin","390","Image;StillImage","image/jpeg","spa","Dominio público","https://creativecommons.org/publicdomain/mark/1.0/","https://jesilove.github.io/untref-collection-builder/item.html?id=cent_017"
"[Avenida del 5 de Mayo]","Cortés, Antonio; Carrillo, Antonio; Corona, Prisciliano; Escalante, José","1910-09-16","El Grito","Vida en la calle","Ciudad de México, México","19.36533","-99.204539","Genaro García Collection: Photographs, Benson Latin American Collection, LLILAS Benson Latin American Studies and Collections, The University of Texas at Austin","392","Image;StillImage","image/jpeg","spa","Dominio público","https://creativecommons.org/publicdomain/mark/1.0/","https://jesilove.github.io/untref-collection-builder/item.html?id=cent_018"
"Avenida de San Francisco (Ponientea Oriente)","Cortés, Antonio; Carrillo, Antonio; Corona, Prisciliano; Escalante, José","1910-09-16","El Grito","Vida en la calle","Ciudad de México, México","19.371727","-99.1759","Genaro García Collection: Photographs, Benson Latin American Collection, LLILAS Benson Latin American Studies and Collections, The University of Texas at Austin","393","Image;StillImage","image/jpeg","spa","Dominio público","https://creativecommons.org/publicdomain/mark/1.0/","https://jesilove.github.io/untref-collection-builder/item.html?id=cent_019"
"Avenida de San Francisco (Ponientea Oriente)","Cortés, Antonio; Carrillo, Antonio; Corona, Prisciliano; Escalante, José","1910-09-16","El Grito","Vida en la calle","Ciudad de México, México","19.371727","-99.1759","Genaro García Collection: Photographs, Benson Latin American Collection, LLILAS Benson Latin American Studies and Collections, The University of Texas at Austin","394","Image;StillImage","image/jpeg","spa","Dominio público","https://creativecommons.org/publicdomain/mark/1.0/","https://jesilove.github.io/untref-collection-builder/item.html?id=cent_020"
"Avenida de San Francisco (Ponientea Oriente)","Cortés, Antonio; Carrillo, Antonio; Corona, Prisciliano; Escalante, José","1910-09-16","El Grito","Vida en la calle","Ciudad de México, México","19.371727","-99.1759","Genaro García Collection: Photographs, Benson Latin American Collection, LLILAS Benson Latin American Studies and Collections, The University of Texas at Austin","395","Image;StillImage","image/jpeg","spa","Dominio público","https://creativecommons.org/publicdomain/mark/1.0/","https://jesilove.github.io/untref-collection-builder/item.html?id=cent_021"
"Avenida de San Francisco (Ponientea Oriente)","Cortés, Antonio; Carrillo, Antonio; Corona, Prisciliano; Escalante, José","1910-09-16","El Grito","Mujeres;Indígenas;Vida en la calle","Ciudad de México, México","19.371727","-99.1759","Genaro García Collection: Photographs, Benson Latin American Collection, LLILAS Benson Latin American Studies and Collections, The University of Texas at Austin","396","Image;StillImage","image/jpeg","spa","Dominio público","https://creativecommons.org/publicdomain/mark/1.0/","https://jesilove.github.io/untref-collection-builder/item.html?id=cent_022"
"Avenida del 16 de Septiembre (Oriente a Poniente)","Cortés, Antonio; Carrillo, Antonio; Corona, Prisciliano; Escalante, José","1910-09-16","El Grito","Vida en la calle","Ciudad de México, México","19.295863","-99.011768","Genaro García Collection: Photographs, Benson Latin American Collection, LLILAS Benson Latin American Studies and Collections, The University of Texas at Austin","398","Image;StillImage","image/jpeg","spa","Dominio público","https://creativecommons.org/publicdomain/mark/1.0/","https://jesilove.github.io/untref-collection-builder/item.html?id=cent_023"
"[Detalle de adorno de la Avenida Juárez]","Cortés, Antonio; Carrillo, Antonio; Corona, Prisciliano; Escalante, José","1910-09-16","El Grito","Vida en la calle","Ciudad de México, México","19.35658","-99.298129","Genaro García Collection: Photographs, Benson Latin American Collection, LLILAS Benson Latin American Studies and Collections, The University of Texas at Austin","399","Image;StillImage","image/jpeg","spa","Dominio público","https://creativecommons.org/publicdomain/mark/1.0/","https://jesilove.github.io/untref-collection-builder/item.html?id=cent_024"
"Salida de concurrentes a la inauguración del Manicomio General","Cortés, Antonio; Carrillo, Antonio; Corona, Prisciliano; Escalante, José","1910-09-01","El Manicomio General (Inauguraciones de establecimientos públicos)","Mujeres;Atención médica;Inauguraciones","Ciudad de México, México","19.371022","-99.189446","Genaro García Collection: Photographs, Benson Latin American Collection, LLILAS Benson Latin American Studies and Collections, The University of Texas at Austin","510","Image;StillImage","image/jpeg","spa","Dominio público","https://creativecommons.org/publicdomain/mark/1.0/","https://jesilove.github.io/untref-collection-builder/item.html?id=cent_025"
"[Inauguración del Manicomio General]","Cortés, Antonio; Carrillo, Antonio; Corona, Prisciliano; Escalante, José","1910-09-01","El Manicomio General (Inauguraciones de establecimientos públicos)","Mujeres;Atención médica;Inauguraciones","Ciudad de México, México","19.371022","-99.189446","Genaro García Collection: Photographs, Benson Latin American Collection, LLILAS Benson Latin American Studies and Collections, The University of Texas at Austin","513","Image;StillImage","image/jpeg","spa","Dominio público","https://creativecommons.org/publicdomain/mark/1.0/","https://jesilove.github.io/untref-collection-builder/item.html?id=cent_026"
"[Edificio para enfermas distinguidas en el Manicomio General]","Cortés, Antonio; Carrillo, Antonio; Corona, Prisciliano; Escalante, José","1910-09-01","El Manicomio General (Inauguraciones de establecimientos públicos)","Mujeres;Atención médica;Inauguraciones","Ciudad de México, México","19.371022","-99.189446","Genaro García Collection: Photographs, Benson Latin American Collection, LLILAS Benson Latin American Studies and Collections, The University of Texas at Austin","528","Image;StillImage","image/jpeg","spa","Dominio público","https://creativecommons.org/publicdomain/mark/1.0/","https://jesilove.github.io/untref-collection-builder/item.html?id=cent_027"
"El Sr. Dip. D. Manuel H. San Juan lee su Canto a Morelos","Cortés, Antonio; Carrillo, Antonio; Corona, Prisciliano; Escalante, José","1910-09-21","En la prisión de Morelos (Descubrimientos de lápidas conmemorativas)","Placas;Cárceles;Morelos, José María, 1765-1815","Ciudad de México, México","","","Genaro García Collection: Photographs, Benson Latin American Collection, LLILAS Benson Latin American Studies and Collections, The University of Texas at Austin","290","Image;StillImage","image/jpeg","spa","Dominio público","https://creativecommons.org/publicdomain/mark/1.0/","https://jesilove.github.io/untref-collection-builder/item.html?id=cent_028"
"Lapida conmemorativa de la prisión de Morelos","Cortés, Antonio; Carrillo, Antonio; Corona, Prisciliano; Escalante, José","1910-09-21","En la prisión de Morelos (Descubrimientos de lápidas conmemorativas)","Placas;Cárceles;Morelos, José María, 1765-1815","Ciudad de México, México","","","Genaro García Collection: Photographs, Benson Latin American Collection, LLILAS Benson Latin American Studies and Collections, The University of Texas at Austin","292","Image;StillImage","image/jpeg","spa","Dominio público","https://creativecommons.org/publicdomain/mark/1.0/","https://jesilove.github.io/untref-collection-builder/item.html?id=cent_029"
"Lápida conmemorativa en la 1a de la Merced #154","Cortés, Antonio; Carrillo, Antonio; Corona, Prisciliano; Escalante, José","1910-09-09","La casa mortuoria del Lic. Andres Quintana Roo (Descubrimientos de lápidas conmemorativas)","Fotógrafos;Placas;Quintana Roo, Andrés, 1787-1851","Ciudad de México, México","","","Genaro García Collection: Photographs, Benson Latin American Collection, LLILAS Benson Latin American Studies and Collections, The University of Texas at Austin","293","Image;StillImage","image/jpeg","spa","Dominio público","https://creativecommons.org/publicdomain/mark/1.0/","https://jesilove.github.io/untref-collection-builder/item.html?id=cent_030"
"Vista parcial de los tendidos de la plaza de toros &quot;El Toreo&quot;, el día de la corrida del Centenario","Cortés, Antonio; Carrillo, Antonio; Corona, Prisciliano; Escalante, José","1910-09-15","Fiestas en las demarcaciones de la ciudad / Corrida del Centenario","Entretenimiento","Ciudad de México, México","","","Genaro García Collection: Photographs, Benson Latin American Collection, LLILAS Benson Latin American Studies and Collections, The University of Texas at Austin","674","Image;StillImage","image/jpeg","spa","Dominio público","https://creativecommons.org/publicdomain/mark/1.0/","https://jesilove.github.io/untref-collection-builder/item.html?id=cent_031"
"[Vista parcial de los tendidos de la plaza de toros &quot;El Toreo&quot;, el día de la corrida del Centenario]","Cortés, Antonio; Carrillo, Antonio; Corona, Prisciliano; Escalante, José","1910-09-15","Fiestas en las demarcaciones de la ciudad / Corrida del Centenario","Entretenimiento","Ciudad de México, México","","","Genaro García Collection: Photographs, Benson Latin American Collection, LLILAS Benson Latin American Studies and Collections, The University of Texas at Austin","675","Image;StillImage","image/jpeg","spa","Dominio público","https://creativecommons.org/publicdomain/mark/1.0/","https://jesilove.github.io/untref-collection-builder/item.html?id=cent_032"
"Entrada de la cuadrilla de toreros en la plaza de toros &quot;El Toreo&quot;, el día de la corrida del Centenario","Cortés, Antonio; Carrillo, Antonio; Corona, Prisciliano; Escalante, José","1910-09-15","Fiestas en las demarcaciones de la ciudad / Corrida del Centenario","Entretenimiento","Ciudad de México, México","","","Genaro García Collection: Photographs, Benson Latin American Collection, LLILAS Benson Latin American Studies and Collections, The University of Texas at Austin","986","Image;StillImage","image/jpeg","spa","Dominio público","https://creativecommons.org/publicdomain/mark/1.0/","https://jesilove.github.io/untref-collection-builder/item.html?id=cent_033"
"Garden - Party en Chapultepec.","Cortés, Antonio; Carrillo, Antonio; Corona, Prisciliano; Escalante, José","1910-09-22","Garden party en Chapultepec","Mujeres;Fiestas;Bosque de Chapultepec, Miguel Hidalgo, Ciudad de México, México","Ciudad de México, México","19.419481","-99.189456","Genaro García Collection: Photographs, Benson Latin American Collection, LLILAS Benson Latin American Studies and Collections, The University of Texas at Austin","645","Image;StillImage","image/jpeg","spa","Dominio público","https://creativecommons.org/publicdomain/mark/1.0/","https://jesilove.github.io/untref-collection-builder/item.html?id=cent_034"
"[Vista parcial de la iluminación del lago de Chapultepec]","Cortés, Antonio; Carrillo, Antonio; Corona, Prisciliano; Escalante, José","1910-09-22","Garden party en Chapultepec","Fiestas;Bosque de Chapultepec, Miguel Hidalgo, Ciudad de México, México","Ciudad de México, México","19.419481","-99.189456","Genaro García Collection: Photographs, Benson Latin American Collection, LLILAS Benson Latin American Studies and Collections, The University of Texas at Austin","657","Image;StillImage","image/jpeg","spa","Dominio público","https://creativecommons.org/publicdomain/mark/1.0/","https://jesilove.github.io/untref-collection-builder/item.html?id=cent_035"
"El fuerte y uno de los buques del lago de Chapultepec","Cortés, Antonio; Carrillo, Antonio; Corona, Prisciliano; Escalante, José","1910-09-22","Garden party en Chapultepec","Fiestas;Bosque de Chapultepec, Miguel Hidalgo, Ciudad de México, México","Ciudad de México, México","19.419481","-99.189456","Genaro García Collection: Photographs, Benson Latin American Collection, LLILAS Benson Latin American Studies and Collections, The University of Texas at Austin","661","Image;StillImage","image/jpeg","spa","Dominio público","https://creativecommons.org/publicdomain/mark/1.0/","https://jesilove.github.io/untref-collection-builder/item.html?id=cent_036"
"La Avenida de San Francisco durante el gran desfile militar","Cortés, Antonio; Carrillo, Antonio; Corona, Prisciliano; Escalante, José","1910-09-16","Gran desfile","Procesiones","Ciudad de México, México","","","Genaro García Collection: Photographs, Benson Latin American Collection, LLILAS Benson Latin American Studies and Collections, The University of Texas at Austin","701","Image;StillImage","image/jpeg","spa","Dominio público","https://creativecommons.org/publicdomain/mark/1.0/","https://jesilove.github.io/untref-collection-builder/item.html?id=cent_037"
"Los alumnos del Colegio Militar en el gran desfile militar","Cortés, Antonio; Carrillo, Antonio; Corona, Prisciliano; Escalante, José","1910-09-16","Gran desfile","Procesiones","Ciudad de México, México","19.432445","-99.131193","Genaro García Collection: Photographs, Benson Latin American Collection, LLILAS Benson Latin American Studies and Collections, The University of Texas at Austin","706","Image;StillImage","image/jpeg","spa","Dominio público","https://creativecommons.org/publicdomain/mark/1.0/","https://jesilove.github.io/untref-collection-builder/item.html?id=cent_038"
"[Los alumnos de la Escuela de Aspirantes en el gran desfile militar]","Cortés, Antonio; Carrillo, Antonio; Corona, Prisciliano; Escalante, José","1910-09-16","Gran desfile","Procesiones","Ciudad de México, México","19.432445","-99.131193","Genaro García Collection: Photographs, Benson Latin American Collection, LLILAS Benson Latin American Studies and Collections, The University of Texas at Austin","707","Image;StillImage","image/jpeg","spa","Dominio público","https://creativecommons.org/publicdomain/mark/1.0/","https://jesilove.github.io/untref-collection-builder/item.html?id=cent_039"
"[La Comisión N. del Centenario en la gran procesión cívica]","Cortés, Antonio; Carrillo, Antonio; Corona, Prisciliano; Escalante, José","1910-09-14","Gran procesión cívica (Procesiones públicas)","Procesiones","Ciudad de México, México","","","Genaro García Collection: Photographs, Benson Latin American Collection, LLILAS Benson Latin American Studies and Collections, The University of Texas at Austin","186","Image;StillImage","image/jpeg","spa","Dominio público","https://creativecommons.org/publicdomain/mark/1.0/","https://jesilove.github.io/untref-collection-builder/item.html?id=cent_040"
"La gran procesión cívica pasa por la Avenida de San Francisco","Cortés, Antonio; Carrillo, Antonio; Corona, Prisciliano; Escalante, José","1910-09-14","Gran procesión cívica (Procesiones públicas)","Procesiones","Ciudad de México, México","19.311932","-99.237327","Genaro García Collection: Photographs, Benson Latin American Collection, LLILAS Benson Latin American Studies and Collections, The University of Texas at Austin","188","Image;StillImage","image/jpeg","spa","Dominio público","https://creativecommons.org/publicdomain/mark/1.0/","https://jesilove.github.io/untref-collection-builder/item.html?id=cent_041"
"[La Comisión N. del Centenario en la gran procesión cívica]","Cortés, Antonio; Carrillo, Antonio; Corona, Prisciliano; Escalante, José","1910-09-14","Gran procesión cívica (Procesiones públicas)","Procesiones","Ciudad de México, México","19.434394","-99.133082","Genaro García Collection: Photographs, Benson Latin American Collection, LLILAS Benson Latin American Studies and Collections, The University of Texas at Austin","193","Image;StillImage","image/jpeg","spa","Dominio público","https://creativecommons.org/publicdomain/mark/1.0/","https://jesilove.github.io/untref-collection-builder/item.html?id=cent_042"
"[La compañía de alumnos del Colegio Militar que hizo la guardia de honor en el homenaje a los niños héroes de 1847]","Cortés, Antonio; Carrillo, Antonio; Corona, Prisciliano; Escalante, José","1910-09-08","Homenaje á los niños héroes de 1847 (Actos cívicos solemnes)","Guerra de México, 1846-1848;Niños y niñas;Bosque de Chapultepec, Miguel Hidalgo, Ciudad de México, México","Ciudad de México, México","19.419481","-99.189456","Genaro García Collection: Photographs, Benson Latin American Collection, LLILAS Benson Latin American Studies and Collections, The University of Texas at Austin","336","Image;StillImage","image/jpeg","spa","Dominio público","https://creativecommons.org/publicdomain/mark/1.0/","https://jesilove.github.io/untref-collection-builder/item.html?id=cent_043"
"La concurrencia al acto oficial del homenaje a los niños héroes de 1847 ","Cortés, Antonio; Carrillo, Antonio; Corona, Prisciliano; Escalante, José","1910-09-08","Homenaje á los niños héroes de 1847 (Actos cívicos solemnes)","Guerra de México, 1846-1848;Niños y niñas;Bosque de Chapultepec, Miguel Hidalgo, Ciudad de México, México","Ciudad de México, México","19.419481","-99.189456","Genaro García Collection: Photographs, Benson Latin American Collection, LLILAS Benson Latin American Studies and Collections, The University of Texas at Austin","339","Image;StillImage","image/jpeg","spa","Dominio público","https://creativecommons.org/publicdomain/mark/1.0/","https://jesilove.github.io/untref-collection-builder/item.html?id=cent_044"
"El público frente al monumento a los niños héroes de 1847","Cortés, Antonio; Carrillo, Antonio; Corona, Prisciliano; Escalante, José","1910-09-08","Homenaje á los niños héroes de 1847 (Actos cívicos solemnes)","Guerra de México, 1846-1848;Niños y niñas;Bosque de Chapultepec, Miguel Hidalgo, Ciudad de México, México","Ciudad de México, México","19.419481","-99.189456","Genaro García Collection: Photographs, Benson Latin American Collection, LLILAS Benson Latin American Studies and Collections, The University of Texas at Austin","344","Image;StillImage","image/jpeg","spa","Dominio público","https://creativecommons.org/publicdomain/mark/1.0/","https://jesilove.github.io/untref-collection-builder/item.html?id=cent_045"
"[Coronas que los michoacanos depositaron al pie del monumento a Morelos]","Cortés, Antonio; Carrillo, Antonio; Corona, Prisciliano; Escalante, José","1910-09-11","Homenaje de la colonia michoacana á Morelos (Procesiones públicas)","Procesiones;Michoacán, México;Morelos, José María, 1765-1815","Ciudad de México, México","19.416398","-99.159269","Genaro García Collection: Photographs, Benson Latin American Collection, LLILAS Benson Latin American Studies and Collections, The University of Texas at Austin","309","Image;StillImage","image/jpeg","spa","Dominio público","https://creativecommons.org/publicdomain/mark/1.0/","https://jesilove.github.io/untref-collection-builder/item.html?id=cent_046"
"[El publico presencia el homenaje de los michoacanos a Morelos]","Cortés, Antonio; Carrillo, Antonio; Corona, Prisciliano; Escalante, José","1910-09-11","Homenaje de la colonia michoacana á Morelos (Procesiones públicas)","Procesiones;Michoacán, México;Morelos, José María, 1765-1815","Ciudad de México, México","19.416398","-99.159269","Genaro García Collection: Photographs, Benson Latin American Collection, LLILAS Benson Latin American Studies and Collections, The University of Texas at Austin","313","Image;StillImage","image/jpeg","spa","Dominio público","https://creativecommons.org/publicdomain/mark/1.0/","https://jesilove.github.io/untref-collection-builder/item.html?id=cent_047"
"El publico presencia el homenaje de los michoacanos a Morelos","Cortés, Antonio; Carrillo, Antonio; Corona, Prisciliano; Escalante, José","1910-09-11","Homenaje de la colonia michoacana á Morelos (Procesiones públicas)","Procesiones;Michoacán, México;Morelos, José María, 1765-1815","Ciudad de México, México","19.416398","-99.159269","Genaro García Collection: Photographs, Benson Latin American Collection, LLILAS Benson Latin American Studies and Collections, The University of Texas at Austin","314","Image;StillImage","image/jpeg","spa","Dominio público","https://creativecommons.org/publicdomain/mark/1.0/","https://jesilove.github.io/untref-collection-builder/item.html?id=cent_048"
"Vista general de la Fábrica de Pólvora","Cortés, Antonio; Carrillo, Antonio; Corona, Prisciliano; Escalante, José","1910-09-28","Inauguración de la Fábrica de Pólvora","Inauguración;Industrias manufactureras","Ciudad de México, México","","","Genaro García Collection: Photographs, Benson Latin American Collection, LLILAS Benson Latin American Studies and Collections, The University of Texas at Austin","690","Image;StillImage","image/jpeg","spa","Dominio público","https://creativecommons.org/publicdomain/mark/1.0/","https://jesilove.github.io/untref-collection-builder/item.html?id=cent_049"
"[El Sr. Presidente de la Republica y sus acompañantes en la Fábrica de Pólvora]","Cortés, Antonio; Carrillo, Antonio; Corona, Prisciliano; Escalante, José","1910-09-28","Inauguración de la Fábrica de Pólvora","Inauguración;Industrias manufactureras;Díaz, Porfirio, 1830-1915","Ciudad de México, México","","","Genaro García Collection: Photographs, Benson Latin American Collection, LLILAS Benson Latin American Studies and Collections, The University of Texas at Austin","691","Image;StillImage","image/jpeg","spa","Dominio público","https://creativecommons.org/publicdomain/mark/1.0/","https://jesilove.github.io/untref-collection-builder/item.html?id=cent_050"
"[El Sr. Presidente de la Republica y sus acompañantes en la Fábrica de Pólvora]","Cortés, Antonio; Carrillo, Antonio; Corona, Prisciliano; Escalante, José","1910-09-28","Inauguración de la Fábrica de Pólvora","Inauguración;Industrias manufactureras;Díaz, Porfirio, 1830-1915","Ciudad de México, México","","","Genaro García Collection: Photographs, Benson Latin American Collection, LLILAS Benson Latin American Studies and Collections, The University of Texas at Austin","692","Image;StillImage","image/jpeg","spa","Dominio público","https://creativecommons.org/publicdomain/mark/1.0/","https://jesilove.github.io/untref-collection-builder/item.html?id=cent_051"
"Aspecto del Jardín del Colegio de Niñas durante el acto de la inauguración del reloj publico donado por la colonia otomana","Cortés, Antonio; Carrillo, Antonio; Corona, Prisciliano; Escalante, José","1910-09-22","Inauguración de un reloj público (Turquía)","Mujeres;Inauguración;Maquinaria;Turquía","Ciudad de México, México","19.37144","-99.183845","Genaro García Collection: Photographs, Benson Latin American Collection, LLILAS Benson Latin American Studies and Collections, The University of Texas at Austin","131","Image;StillImage","image/jpeg","spa","Dominio público","https://creativecommons.org/publicdomain/mark/1.0/","https://jesilove.github.io/untref-collection-builder/item.html?id=cent_052"
"[Aspecto del Jardín del Colegio de Niñas durante el acto de la inauguración del reloj publico donado por la colonia otomana]","Cortés, Antonio; Carrillo, Antonio; Corona, Prisciliano; Escalante, José","1910-09-22","Inauguración de un reloj público (Turquía)","Mujeres;Indígenas;Inauguración;Maquinaria;Turquía","Ciudad de México, México","19.37144","-99.183845","Genaro García Collection: Photographs, Benson Latin American Collection, LLILAS Benson Latin American Studies and Collections, The University of Texas at Austin","133","Image;StillImage","image/jpeg","spa","Dominio público","https://creativecommons.org/publicdomain/mark/1.0/","https://jesilove.github.io/untref-collection-builder/item.html?id=cent_053"
"Los Sres. Pimentel, Letayf y De Landa al pie del reloj publico donado por la colonia otomana","Cortés, Antonio; Carrillo, Antonio; Corona, Prisciliano; Escalante, José","1910-09-22","Inauguración de un reloj público (Turquía)","Inauguración;Maquinaria;Turquía","Ciudad de México, México","19.329561","-99.186782","Genaro García Collection: Photographs, Benson Latin American Collection, LLILAS Benson Latin American Studies and Collections, The University of Texas at Austin","793","Image;StillImage","image/jpeg","spa","Dominio público","https://creativecommons.org/publicdomain/mark/1.0/","https://jesilove.github.io/untref-collection-builder/item.html?id=cent_054"
"Niños que juraron la bandera en la Plaza de San Sebastian","Cortés, Antonio; Carrillo, Antonio; Corona, Prisciliano; Escalante, José","1910-09-06","Jura de la bandera por los niños de las escuelas de la Capital","Mujeres;Niños y niñas;Plazas;Multitudes;Banderas;Educación","Ciudad de México, México","","","Genaro García Collection: Photographs, Benson Latin American Collection, LLILAS Benson Latin American Studies and Collections, The University of Texas at Austin","367","Image;StillImage","image/jpeg","spa","Dominio público","https://creativecommons.org/publicdomain/mark/1.0/","https://jesilove.github.io/untref-collection-builder/item.html?id=cent_055"
"Otro aspecto de la Plaza de San Sebastián durante la jura de la bandera por los niños","Cortés, Antonio; Carrillo, Antonio; Corona, Prisciliano; Escalante, José","1910-09-06","Jura de la bandera por los niños de las escuelas de la Capital","Mujeres;Niños y niñas;Plazas;Multitudes;Educación;Banderas","Ciudad de México, México","","","Genaro García Collection: Photographs, Benson Latin American Collection, LLILAS Benson Latin American Studies and Collections, The University of Texas at Austin","369","Image;StillImage","image/jpeg","spa","Dominio público","https://creativecommons.org/publicdomain/mark/1.0/","https://jesilove.github.io/untref-collection-builder/item.html?id=cent_056"
"[Grupo de niñas que juraron la bandera en la Plaza del Carmen]","Cortés, Antonio; Carrillo, Antonio; Corona, Prisciliano; Escalante, José","1910-09-06","Jura de la bandera por los niños de las escuelas de la Capital","Mujeres;Niños y niñas;Plazas;Multitudes;Banderas;Educación","Ciudad de México, México","","","Genaro García Collection: Photographs, Benson Latin American Collection, LLILAS Benson Latin American Studies and Collections, The University of Texas at Austin","372","Image;StillImage","image/jpeg","spa","Dominio público","https://creativecommons.org/publicdomain/mark/1.0/","https://jesilove.github.io/untref-collection-builder/item.html?id=cent_057"
"[El acto oficial que precedió a la jura de la bandera por los obreros]","Cortés, Antonio; Carrillo, Antonio; Corona, Prisciliano; Escalante, José","1910-09-30","Jura de la bandera por los obreros de la Capital","Clase obrera;Banderas","Ciudad de México, México","","","Genaro García Collection: Photographs, Benson Latin American Collection, LLILAS Benson Latin American Studies and Collections, The University of Texas at Austin","376","Image;StillImage","image/jpeg","spa","Dominio público","https://creativecommons.org/publicdomain/mark/1.0/","https://jesilove.github.io/untref-collection-builder/item.html?id=cent_058"
"La jura de la bandera por los obreros","Cortés, Antonio; Carrillo, Antonio; Corona, Prisciliano; Escalante, José","1910-09-30","Jura de la bandera por los obreros de la Capital","Clase obrera;Banderas","Ciudad de México, México","","","Genaro García Collection: Photographs, Benson Latin American Collection, LLILAS Benson Latin American Studies and Collections, The University of Texas at Austin","379","Image;StillImage","image/jpeg","spa","Dominio público","https://creativecommons.org/publicdomain/mark/1.0/","https://jesilove.github.io/untref-collection-builder/item.html?id=cent_059"
"[El acto oficial que precedió a la jura de la bandera por los obreros]","Cortés, Antonio; Carrillo, Antonio; Corona, Prisciliano; Escalante, José","1910-09-30","Jura de la bandera por los obreros de la Capital","Clase obrera;Banderas","Ciudad de México, México","","","Genaro García Collection: Photographs, Benson Latin American Collection, LLILAS Benson Latin American Studies and Collections, The University of Texas at Austin","850","Image;StillImage","image/jpeg","spa","Dominio público","https://creativecommons.org/publicdomain/mark/1.0/","https://jesilove.github.io/untref-collection-builder/item.html?id=cent_060"
"La mesa presidencial en la apoteosis de los héroes de la Independencia","Cortés, Antonio; Carrillo, Antonio; Corona, Prisciliano; Escalante, José","1910-10-06","La apoteosis de los héroes de la Independencia (Actos cívicos solemnes)","","Ciudad de México, México","19.432445","-99.131193","Genaro García Collection: Photographs, Benson Latin American Collection, LLILAS Benson Latin American Studies and Collections, The University of Texas at Austin","380","Image;StillImage","image/jpeg","spa","Dominio público","https://creativecommons.org/publicdomain/mark/1.0/","https://jesilove.github.io/untref-collection-builder/item.html?id=cent_061"
"Aspecto del catafalco levantado en honor de los héroes de la Independencia, durante la apoteosis de estos","Cortés, Antonio; Carrillo, Antonio; Corona, Prisciliano; Escalante, José","1910-10-06","La apoteosis de los héroes de la Independencia (Actos cívicos solemnes)","","Ciudad de México, México","19.432445","-99.131193","Genaro García Collection: Photographs, Benson Latin American Collection, LLILAS Benson Latin American Studies and Collections, The University of Texas at Austin","382","Image;StillImage","image/jpeg","spa","Dominio público","https://creativecommons.org/publicdomain/mark/1.0/","https://jesilove.github.io/untref-collection-builder/item.html?id=cent_062"
"[Aspecto del catafalco levantado en honor de los héroes de la Independencia, durante la apoteosis de estos]","Cortés, Antonio; Carrillo, Antonio; Corona, Prisciliano; Escalante, José","1910-10-06","La apoteosis de los héroes de la Independencia (Actos cívicos solemnes)","","Ciudad de México, México","19.432445","-99.131193","Genaro García Collection: Photographs, Benson Latin American Collection, LLILAS Benson Latin American Studies and Collections, The University of Texas at Austin","383","Image;StillImage","image/jpeg","spa","Dominio público","https://creativecommons.org/publicdomain/mark/1.0/","https://jesilove.github.io/untref-collection-builder/item.html?id=cent_063"
"La concurrencia a la ceremonia relativa al monumento a Isabel la Católica","Cortés, Antonio; Carrillo, Antonio; Corona, Prisciliano; Escalante, José","1910-09-09","Monumento á Isabel la Católica (Actos oficiales solemnes)","Monumentos;Colocación de la primera piedra;España;Isabella I, Queen of Spain, 1451-1504","Ciudad de México, México","19.295863","-99.011768","Genaro García Collection: Photographs, Benson Latin American Collection, LLILAS Benson Latin American Studies and Collections, The University of Texas at Austin","86","Image;StillImage","image/jpeg","spa","Dominio público","https://creativecommons.org/publicdomain/mark/1.0/","https://jesilove.github.io/untref-collection-builder/item.html?id=cent_064"
"La mesa presidencial en la ceremonia relativa al monumento a Isabel la Católica","Cortés, Antonio; Carrillo, Antonio; Corona, Prisciliano; Escalante, José","1910-09-09","Monumento á Isabel la Católica (Actos oficiales solemnes)","Monumentos;Colocación de la primera piedra;España;Isabella I, Queen of Spain, 1451-1504","Ciudad de México, México","19.295863","-99.011768","Genaro García Collection: Photographs, Benson Latin American Collection, LLILAS Benson Latin American Studies and Collections, The University of Texas at Austin","88","Image;StillImage","image/jpeg","spa","Dominio público","https://creativecommons.org/publicdomain/mark/1.0/","https://jesilove.github.io/untref-collection-builder/item.html?id=cent_065"
"El Sr. presidente presidiendo el acto oficial el día de la colocación de la primera piedra del monumento a Isabel la Católica.","Cortés, Antonio; Carrillo, Antonio; Corona, Prisciliano; Escalante, José","1910-09-09","Monumento á Isabel la Católica (Actos oficiales solemnes)","Monumentos;Colocación de la primera piedra;España;Isabella I, Queen of Spain, 1451-1504;Díaz, Porfirio, 1830-1915","Ciudad de México, México","19.295863","-99.011768","Genaro García Collection: Photographs, Benson Latin American Collection, LLILAS Benson Latin American Studies and Collections, The University of Texas at Austin","89","Image;StillImage","image/jpeg","spa","Dominio público","https://creativecommons.org/publicdomain/mark/1.0/","https://jesilove.github.io/untref-collection-builder/item.html?id=cent_066"
"[S. E. el Sr. Embajador Permanente de Estados Unidos llega a la tribuna oficial donde se efectuó el acto relativo al monumento a Washington]","Cortés, Antonio; Carrillo, Antonio; Corona, Prisciliano; Escalante, José","1910-09-11","Monumento á Washington (Estados Unidos de América)","Embajadores;Monumentos;Estados Unidos de América;Wilson, Henry Lane, 1857-1932;Washington, George, 1732-1799","Ciudad de México, México","19.42771","-99.158663","Genaro García Collection: Photographs, Benson Latin American Collection, LLILAS Benson Latin American Studies and Collections, The University of Texas at Austin","106","Image;StillImage","image/jpeg","spa","Dominio público","https://creativecommons.org/publicdomain/mark/1.0/","https://jesilove.github.io/untref-collection-builder/item.html?id=cent_067"
"El Sr. Presidente de la República llega a la tribuna oficial donde se efectuó el acto relativo al monumento a Washington","Cortés, Antonio; Carrillo, Antonio; Corona, Prisciliano; Escalante, José","1910-09-11","Monumento á Washington (Estados Unidos de América)","Monumentos;Estados Unidos de América;Díaz, Porfirio, 1830-1915;Washington, George, 1732-1799","Ciudad de México, México","19.42771","-99.158663","Genaro García Collection: Photographs, Benson Latin American Collection, LLILAS Benson Latin American Studies and Collections, The University of Texas at Austin","107","Image;StillImage","image/jpeg","spa","Dominio público","https://creativecommons.org/publicdomain/mark/1.0/","https://jesilove.github.io/untref-collection-builder/item.html?id=cent_068"
"S. E. el Sr. Embajador Permanente de Estados Unidos pronuncia su discurso relativo al monumento a Washington","Cortés, Antonio; Carrillo, Antonio; Corona, Prisciliano; Escalante, José","1910-09-11","Monumento á Washington (Estados Unidos de América)","Monumentos;Estados Unidos de América;Washington, George, 1732-1799","Ciudad de México, México","19.42771","-99.158663","Genaro García Collection: Photographs, Benson Latin American Collection, LLILAS Benson Latin American Studies and Collections, The University of Texas at Austin","108","Image;StillImage","image/jpeg","spa","Dominio público","https://creativecommons.org/publicdomain/mark/1.0/","https://jesilove.github.io/untref-collection-builder/item.html?id=cent_069"
"[El acto de la inauguración de las obras de la Penitenciaria]","Cortés, Antonio; Carrillo, Antonio; Corona, Prisciliano; Escalante, José","1910-09-29","Obras de ampliación de la Penitenciaria del Distrito Federal (Inauguraciones)","Inauguraciones;Cárceles","Ciudad de México, México","19.436505","-99.115872","Genaro García Collection: Photographs, Benson Latin American Collection, LLILAS Benson Latin American Studies and Collections, The University of Texas at Austin","558","Image;StillImage","image/jpeg","spa","Dominio público","https://creativecommons.org/publicdomain/mark/1.0/","https://jesilove.github.io/untref-collection-builder/item.html?id=cent_070"
"[El Sr. Vicepresidente de la Republica visita la Penitenciaria]","Cortés, Antonio; Carrillo, Antonio; Corona, Prisciliano; Escalante, José","1910-09-29","Obras de ampliación de la Penitenciaria del Distrito Federal (Inauguraciones)","Inauguraciones;Cárceles;Corral, Ramón, 1854-1912","Ciudad de México, México","19.436505","-99.115872","Genaro García Collection: Photographs, Benson Latin American Collection, LLILAS Benson Latin American Studies and Collections, The University of Texas at Austin","559","Image;StillImage","image/jpeg","spa","Dominio público","https://creativecommons.org/publicdomain/mark/1.0/","https://jesilove.github.io/untref-collection-builder/item.html?id=cent_071"
"[El Sr. Vicepresidente de la Republica visita la Penitenciaria]","Cortés, Antonio; Carrillo, Antonio; Corona, Prisciliano; Escalante, José","1910-09-29","Obras de ampliación de la Penitenciaria del Distrito Federal (Inauguraciones)","Mujeres;Inauguraciones;Cárceles;Corral, Ramón, 1854-1912","Ciudad de México, México","19.436505","-99.115872","Genaro García Collection: Photographs, Benson Latin American Collection, LLILAS Benson Latin American Studies and Collections, The University of Texas at Austin","564","Image;StillImage","image/jpeg","spa","Dominio público","https://creativecommons.org/publicdomain/mark/1.0/","https://jesilove.github.io/untref-collection-builder/item.html?id=cent_072"
"[Aspecto de una estación de las obras de aguas potables]","Cortés, Antonio; Carrillo, Antonio; Corona, Prisciliano; Escalante, José","1910-09-21","Obras de aprovisionamiento de aguas (Inauguraciones)","Inauguraciones;Obras públicas","Ciudad de México, México","","","Genaro García Collection: Photographs, Benson Latin American Collection, LLILAS Benson Latin American Studies and Collections, The University of Texas at Austin","463","Image;StillImage","image/jpeg","spa","Dominio público","https://creativecommons.org/publicdomain/mark/1.0/","https://jesilove.github.io/untref-collection-builder/item.html?id=cent_073"
"[Aspecto de una estación de las obras de aguas potables]","Cortés, Antonio; Carrillo, Antonio; Corona, Prisciliano; Escalante, José","1910-09-21","Obras de aprovisionamiento de aguas (Inauguraciones)","Mujeres;Inauguraciones;Obras públicas","Ciudad de México, México","","","Genaro García Collection: Photographs, Benson Latin American Collection, LLILAS Benson Latin American Studies and Collections, The University of Texas at Austin","467","Image;StillImage","image/jpeg","spa","Dominio público","https://creativecommons.org/publicdomain/mark/1.0/","https://jesilove.github.io/untref-collection-builder/item.html?id=cent_074"
"Torre de entrada al estanque donde se efectuó el acto relativo a las obras de aguas potables","Cortés, Antonio; Carrillo, Antonio; Corona, Prisciliano; Escalante, José","1910-09-21","Obras de aprovisionamiento de aguas (Inauguraciones)","Inauguraciones;Obras públicas","Ciudad de México, México","","","Genaro García Collection: Photographs, Benson Latin American Collection, LLILAS Benson Latin American Studies and Collections, The University of Texas at Austin","468","Image;StillImage","image/jpeg","spa","Dominio público","https://creativecommons.org/publicdomain/mark/1.0/","https://jesilove.github.io/untref-collection-builder/item.html?id=cent_075"
"Aspecto exterior de la tienda donde se efectuó el acto de la inauguración de las obras de ensanche del Desagüe","Cortés, Antonio; Carrillo, Antonio; Corona, Prisciliano; Escalante, José","1910-09-26","Obras de ensanche del Desagüe del Valle (Inauguraciones)","Inauguraciones;Obras públicas","Ciudad de México, México","","","Genaro García Collection: Photographs, Benson Latin American Collection, LLILAS Benson Latin American Studies and Collections, The University of Texas at Austin","475","Image;StillImage","image/jpeg","spa","Dominio público","https://creativecommons.org/publicdomain/mark/1.0/","https://jesilove.github.io/untref-collection-builder/item.html?id=cent_076"
"Los invitados recorren las obras exteriores del tunel de Tequixquiac","Cortés, Antonio; Carrillo, Antonio; Corona, Prisciliano; Escalante, José","1910-09-26","Obras de ensanche del Desagüe del Valle (Inauguraciones)","Inauguraciones;Obras públicas","Ciudad de México, México","","","Genaro García Collection: Photographs, Benson Latin American Collection, LLILAS Benson Latin American Studies and Collections, The University of Texas at Austin","478","Image;StillImage","image/jpeg","spa","Dominio público","https://creativecommons.org/publicdomain/mark/1.0/","https://jesilove.github.io/untref-collection-builder/item.html?id=cent_077"
"Vista general de las obras exteriores del túnel de Tequixquiac","Cortés, Antonio; Carrillo, Antonio; Corona, Prisciliano; Escalante, José","1910-09-26","Obras de ensanche del Desagüe del Valle (Inauguraciones)","Inauguraciones;Obras públicas","Ciudad de México, México","","","Genaro García Collection: Photographs, Benson Latin American Collection, LLILAS Benson Latin American Studies and Collections, The University of Texas at Austin","481","Image;StillImage","image/jpeg","spa","Dominio público","https://creativecommons.org/publicdomain/mark/1.0/","https://jesilove.github.io/untref-collection-builder/item.html?id=cent_078"
"Los marinos argentinos marchan a depositar su ofrenda de flores ante la Columna de la Independencia","Cortés, Antonio; Carrillo, Antonio; Corona, Prisciliano; Escalante, José","1910-09-18","Ofrenda de flores ante la Columna de la Independencia (Argentina)","Inauguración;Arquitectura;Monumentos;Regalos diplomáticos;Argentina","Ciudad de México, México","19.427025","-99.167665","Genaro García Collection: Photographs, Benson Latin American Collection, LLILAS Benson Latin American Studies and Collections, The University of Texas at Austin","22","Image;StillImage","image/jpeg","spa","Dominio público","https://creativecommons.org/publicdomain/mark/1.0/","https://jesilove.github.io/untref-collection-builder/item.html?id=cent_079"
"Los obreros en valla de honor frente a las obras del Palacio Legislativo","Cortés, Antonio; Carrillo, Antonio; Corona, Prisciliano; Escalante, José","1910-09-23","Palacio del Poder Legislativo (Colocaciones de primevas piedras)","Fotógrafos;Colocación de la primera piedra;Poder legislativo;Arquitectura","Ciudad de México, México","19.430278","-99.1175","Genaro García Collection: Photographs, Benson Latin American Collection, LLILAS Benson Latin American Studies and Collections, The University of Texas at Austin","551","Image;StillImage","image/jpeg","spa","Dominio público","https://creativecommons.org/publicdomain/mark/1.0/","https://jesilove.github.io/untref-collection-builder/item.html?id=cent_080"
"Salida de la concurrencia al acto de la colocación de la primera piedra del Palacio Legislativo","Cortés, Antonio; Carrillo, Antonio; Corona, Prisciliano; Escalante, José","1910-09-23","Palacio del Poder Legislativo (Colocaciones de primevas piedras)","Fotógrafos;Colocación de la primera piedra;Poder legislativo;Arquitectura","Ciudad de México, México","19.430278","-99.1175","Genaro García Collection: Photographs, Benson Latin American Collection, LLILAS Benson Latin American Studies and Collections, The University of Texas at Austin","552","Image;StillImage","image/jpeg","spa","Dominio público","https://creativecommons.org/publicdomain/mark/1.0/","https://jesilove.github.io/untref-collection-builder/item.html?id=cent_081"
"Un teatro del Parque Obrero de Valbuena","Cortés, Antonio; Carrillo, Antonio; Corona, Prisciliano; Escalante, José","1910-09-17","Parque Obrero de Valbuena (Inauguraciones)","Mujeres;Indígenas;Inauguraciones;Parques;Clase obrera","Ciudad de México, México","19.415772","-99.107331","Genaro García Collection: Photographs, Benson Latin American Collection, LLILAS Benson Latin American Studies and Collections, The University of Texas at Austin","556","Image;StillImage","image/jpeg","spa","Dominio público","https://creativecommons.org/publicdomain/mark/1.0/","https://jesilove.github.io/untref-collection-builder/item.html?id=cent_082"
"Los columpios del Parque Obrero de Valbuena","Cortés, Antonio; Carrillo, Antonio; Corona, Prisciliano; Escalante, José","1910-09-17","Parque Obrero de Valbuena (Inauguraciones)","Inauguraciones;Parques;Clase obrera","Ciudad de México, México","19.415772","-99.107331","Genaro García Collection: Photographs, Benson Latin American Collection, LLILAS Benson Latin American Studies and Collections, The University of Texas at Austin","557","Image;StillImage","image/jpeg","spa","Dominio público","https://creativecommons.org/publicdomain/mark/1.0/","https://jesilove.github.io/untref-collection-builder/item.html?id=cent_083"
"Un kiosco del Parque Obrero de Valbuena","Cortés, Antonio; Carrillo, Antonio; Corona, Prisciliano; Escalante, José","1910-09-17","Parque Obrero de Valbuena (Inauguraciones)","Mujeres;Indígenas;Inauguraciones;Parques;Clase obrera","Ciudad de México, México","19.415772","-99.107331","Genaro García Collection: Photographs, Benson Latin American Collection, LLILAS Benson Latin American Studies and Collections, The University of Texas at Austin","924","Image;StillImage","image/jpeg","spa","Dominio público","https://creativecommons.org/publicdomain/mark/1.0/","https://jesilove.github.io/untref-collection-builder/item.html?id=cent_084"
"[Grupo de individuos de la procesión de antorcha]","Cortés, Antonio; Carrillo, Antonio; Corona, Prisciliano; Escalante, José","1910-09-19","Procesión de antorchas (Procesiones públicas)","Procesiones;Vida nocturna","Ciudad de México, México","","","Genaro García Collection: Photographs, Benson Latin American Collection, LLILAS Benson Latin American Studies and Collections, The University of Texas at Austin","286","Image;StillImage","image/jpeg","spa","Dominio público","https://creativecommons.org/publicdomain/mark/1.0/","https://jesilove.github.io/untref-collection-builder/item.html?id=cent_085"
"[Grupo de individuos de la procesión de antorcha]","Cortés, Antonio; Carrillo, Antonio; Corona, Prisciliano; Escalante, José","1910-09-19","Procesión de antorchas (Procesiones públicas)","Procesiones;Vida nocturna","Ciudad de México, México","","","Genaro García Collection: Photographs, Benson Latin American Collection, LLILAS Benson Latin American Studies and Collections, The University of Texas at Austin","287","Image;StillImage","image/jpeg","spa","Dominio público","https://creativecommons.org/publicdomain/mark/1.0/","https://jesilove.github.io/untref-collection-builder/item.html?id=cent_086"
"Grupo de individuos de la procesión de antorcha","Cortés, Antonio; Carrillo, Antonio; Corona, Prisciliano; Escalante, José","1910-09-19","Procesión de antorchas (Procesiones públicas)","Procesiones;Vida nocturna","Ciudad de México, México","","","Genaro García Collection: Photographs, Benson Latin American Collection, LLILAS Benson Latin American Studies and Collections, The University of Texas at Austin","288","Image;StillImage","image/jpeg","spa","Dominio público","https://creativecommons.org/publicdomain/mark/1.0/","https://jesilove.github.io/untref-collection-builder/item.html?id=cent_087"
"[Vista general de los asistentes a las maniobras militares]","Cortés, Antonio; Carrillo, Antonio; Corona, Prisciliano; Escalante, José","1910-09-25","Simulacro de batalla","Recreaciones históricas;Fuerzas Armadas","Ciudad de México, México","","","Genaro García Collection: Photographs, Benson Latin American Collection, LLILAS Benson Latin American Studies and Collections, The University of Texas at Austin","716","Image;StillImage","image/jpeg","spa","Dominio público","https://creativecommons.org/publicdomain/mark/1.0/","https://jesilove.github.io/untref-collection-builder/item.html?id=cent_088"
"[Vista general de los asistentes a las maniobras militares]","Cortés, Antonio; Carrillo, Antonio; Corona, Prisciliano; Escalante, José","1910-09-25","Simulacro de batalla","Recreaciones históricas;Fuerzas Armadas","Ciudad de México, México","","","Genaro García Collection: Photographs, Benson Latin American Collection, LLILAS Benson Latin American Studies and Collections, The University of Texas at Austin","717","Image;StillImage","image/jpeg","spa","Dominio público","https://creativecommons.org/publicdomain/mark/1.0/","https://jesilove.github.io/untref-collection-builder/item.html?id=cent_089"
"Carruajes de los concurrentes a las maniobras militares","Cortés, Antonio; Carrillo, Antonio; Corona, Prisciliano; Escalante, José","1910-09-25","Simulacro de batalla","Recreaciones históricas;Fuerzas Armadas","Ciudad de México, México","","","Genaro García Collection: Photographs, Benson Latin American Collection, LLILAS Benson Latin American Studies and Collections, The University of Texas at Austin","718","Image;StillImage","image/jpeg","spa","Dominio público","https://creativecommons.org/publicdomain/mark/1.0/","https://jesilove.github.io/untref-collection-builder/item.html?id=cent_090"
"Edificio de los Telégrafos Federales","Cortés, Antonio; Carrillo, Antonio; Corona, Prisciliano; Escalante, José","1910-09-16","El Grito","Arquitectura;Vida en la calle","Ciudad de México, México","","","Genaro García Collection: Photographs, Benson Latin American Collection, LLILAS Benson Latin American Studies and Collections, The University of Texas at Austin","400","Image;StillImage","image/jpeg","spa","Dominio público","https://creativecommons.org/publicdomain/mark/1.0/","https://jesilove.github.io/untref-collection-builder/item.html?id=cent_091"
"Edificio de &quot;La Valenciana&quot;","Cortés, Antonio; Carrillo, Antonio; Corona, Prisciliano; Escalante, José","1910-09-16","El Grito","Arquitectura;Vida en la calle","Ciudad de México, México","19.383972","-99.057519","Genaro García Collection: Photographs, Benson Latin American Collection, LLILAS Benson Latin American Studies and Collections, The University of Texas at Austin","401","Image;StillImage","image/jpeg","spa","Dominio público","https://creativecommons.org/publicdomain/mark/1.0/","https://jesilove.github.io/untref-collection-builder/item.html?id=cent_092"
"Casa del Sr. Vicepresidente de la Republica","Cortés, Antonio; Carrillo, Antonio; Corona, Prisciliano; Escalante, José","1910-09-16","El Grito","Arquitectura;Vida en la calle;Corral, Ramón, 1854-1912","Ciudad de México, México","","","Genaro García Collection: Photographs, Benson Latin American Collection, LLILAS Benson Latin American Studies and Collections, The University of Texas at Austin","402","Image;StillImage","image/jpeg","spa","Dominio público","https://creativecommons.org/publicdomain/mark/1.0/","https://jesilove.github.io/untref-collection-builder/item.html?id=cent_093"
"[Edificio del Centro Mercantil]","Cortés, Antonio; Carrillo, Antonio; Corona, Prisciliano; Escalante, José","1910-09-16","El Grito","Arquitectura;Vida en la calle","Ciudad de México, México","19.432083","-99.134592","Genaro García Collection: Photographs, Benson Latin American Collection, LLILAS Benson Latin American Studies and Collections, The University of Texas at Austin","422","Image;StillImage","image/jpeg","spa","Dominio público","https://creativecommons.org/publicdomain/mark/1.0/","https://jesilove.github.io/untref-collection-builder/item.html?id=cent_094"
"Edificio de los Ferrocarriles Nacionales","Cortés, Antonio; Carrillo, Antonio; Corona, Prisciliano; Escalante, José","1910-09-16","El Grito","Arquitectura;Vida en la calle","Ciudad de México, México","19.459149","-99.179932","Genaro García Collection: Photographs, Benson Latin American Collection, LLILAS Benson Latin American Studies and Collections, The University of Texas at Austin","423","Image;StillImage","image/jpeg","spa","Dominio público","https://creativecommons.org/publicdomain/mark/1.0/","https://jesilove.github.io/untref-collection-builder/item.html?id=cent_095"
"La Droguería de la Profesa iluminada","Cortés, Antonio; Carrillo, Antonio; Corona, Prisciliano; Escalante, José","1910-09-15","El Grito","Alumbrado eléctrico;Vida nocturna","Ciudad de México, México","19.433805","-99.136659","Genaro García Collection: Photographs, Benson Latin American Collection, LLILAS Benson Latin American Studies and Collections, The University of Texas at Austin","427","Image;StillImage","image/jpeg","spa","Dominio público","https://creativecommons.org/publicdomain/mark/1.0/","https://jesilove.github.io/untref-collection-builder/item.html?id=cent_096"
"Edificio de «La Ciudad de Londres»","Cortés, Antonio; Carrillo, Antonio; Corona, Prisciliano; Escalante, José","1910-09-15","El Grito","Arquitectura;Alumbrado eléctrico;Vida nocturna","Ciudad de México, México","","","Genaro García Collection: Photographs, Benson Latin American Collection, LLILAS Benson Latin American Studies and Collections, The University of Texas at Austin","428","Image;StillImage","image/jpeg","spa","Dominio público","https://creativecommons.org/publicdomain/mark/1.0/","https://jesilove.github.io/untref-collection-builder/item.html?id=cent_097"
"[El edificio de la Compañía Mexicana de Luz y Fuerza Motriz iluminado]","Cortés, Antonio; Carrillo, Antonio; Corona, Prisciliano; Escalante, José","1910-09-15","El Grito","Arquitectura;Alumbrado eléctrico;Vida nocturna","Ciudad de México, México","","","Genaro García Collection: Photographs, Benson Latin American Collection, LLILAS Benson Latin American Studies and Collections, The University of Texas at Austin","432","Image;StillImage","image/jpeg","spa","Dominio público","https://creativecommons.org/publicdomain/mark/1.0/","https://jesilove.github.io/untref-collection-builder/item.html?id=cent_098"
"El edificio de &quot;La Esmeralda&quot; iluminado","Cortés, Antonio; Carrillo, Antonio; Corona, Prisciliano; Escalante, José","1910-09-15","El Grito","Arquitectura;Alumbrado eléctrico;Vida nocturna","Ciudad de México, México","","","Genaro García Collection: Photographs, Benson Latin American Collection, LLILAS Benson Latin American Studies and Collections, The University of Texas at Austin","434","Image;StillImage","image/jpeg","spa","Dominio público","https://creativecommons.org/publicdomain/mark/1.0/","https://jesilove.github.io/untref-collection-builder/item.html?id=cent_099"
"El edificio de Correos iluminado","Cortés, Antonio; Carrillo, Antonio; Corona, Prisciliano; Escalante, José","1910-09-15","El Grito","Arquitectura;Alumbrado eléctrico;Vida nocturna","Ciudad de México, México","","","Genaro García Collection: Photographs, Benson Latin American Collection, LLILAS Benson Latin American Studies and Collections, The University of Texas at Austin","436","Image;StillImage","image/jpeg","spa","Dominio público","https://creativecommons.org/publicdomain/mark/1.0/","https://jesilove.github.io/untref-collection-builder/item.html?id=cent_100"
"La estación del Ferrocarril Mexicano iluminada","Cortés, Antonio; Carrillo, Antonio; Corona, Prisciliano; Escalante, José","1910-09-15","El Grito","Alumbrado eléctrico;Vida nocturna","Ciudad de México, México","","","Genaro García Collection: Photographs, Benson Latin American Collection, LLILAS Benson Latin American Studies and Collections, The University of Texas at Austin","867","Image;StillImage","image/jpeg","spa","Dominio público","https://creativecommons.org/publicdomain/mark/1.0/","https://jesilove.github.io/untref-collection-builder/item.html?id=cent_101"
"El edificio de la Compañía Mexicana de Luz y Fuerza Motriz iluminado","Cortés, Antonio; Carrillo, Antonio; Corona, Prisciliano; Escalante, José","1910-09-15","El Grito","Arquitectura;Alumbrado eléctrico;Vida nocturna","Ciudad de México, México","","","Genaro García Collection: Photographs, Benson Latin American Collection, LLILAS Benson Latin American Studies and Collections, The University of Texas at Austin","868","Image;StillImage","image/jpeg","spa","Dominio público","https://creativecommons.org/publicdomain/mark/1.0/","https://jesilove.github.io/untref-collection-builder/item.html?id=cent_102"
"El crucero “Freya” en la bahía de Veracruz","Cortés, Antonio; Carrillo, Antonio; Corona, Prisciliano; Escalante, José","1910-09-03","Alemania (Representantes especiales)","Barcos;Cónsul;Alemania;Veracruz, México","Ciudad de México, México","19.19979497","-96.11899769","Benson Latin American Collection, LLILAS Benson Latin American Studies and Collections, The University of Texas at Austin","1","Image;StillImage","image/tiff","spa","Dominio público","https://creativecommons.org/publicdomain/mark/1.0/","https://jesilove.github.io/untref-collection-builder/item.html?id=cent_103"
"La concurrencia al acto de la colocación de la primera piedra de la Cárcel General","Cortés, Antonio; Carrillo, Antonio; Corona, Prisciliano; Escalante, José","1910-09-03","Cárcel General (Colocaciones de primevas piedras)","Arquitectura;Cárceles;Planos;Colocación de la primera piedra;Corral, Ramón, 1854-1912;Creel, Enrique C., 1854-1931;Fernández, Leandro;Fernández, Justino, 1828-1911;Núñez, Roberto, 1859-1912","Ciudad de México, México","18.90460402","-98.48135926","Benson Latin American Collection, LLILAS Benson Latin American Studies and Collections, The University of Texas at Austin","469","Image;StillImage","image/tiff","spa","Dominio público","https://creativecommons.org/publicdomain/mark/1.0/","https://jesilove.github.io/untref-collection-builder/item.html?id=cent_104"
"El Sr. Vicepresidente de la República coloca la primera piedra de la Cárcel General","Cortés, Antonio; Carrillo, Antonio; Corona, Prisciliano; Escalante, José","1910-09-03","Cárcel General (Colocaciones de primevas piedras)","Arquitectura;Cárceles;Colocación de la primera piedra;Corral, Ramón, 1854-1912;Creel, Enrique C., 1854-1931;Fernández, Leandro;Fernández, Justino, 1828-1911;Núñez, Roberto, 1859-1912","Ciudad de México, México","18.90460402","-98.48135926","Benson Latin American Collection, LLILAS Benson Latin American Studies and Collections, The University of Texas at Austin","883","Image;StillImage","image/tiff","spa","Dominio público","https://creativecommons.org/publicdomain/mark/1.0/","https://jesilove.github.io/untref-collection-builder/item.html?id=cent_105"
"S. E. el Sr. Embajador de Italia lee su discurso relativo a la colocación de la primera piedra del monumento a Garibaldi","Cortés, Antonio; Carrillo, Antonio; Corona, Prisciliano; Escalante, José","1910-09-20","Colocación de la primera piedra del monumento á Garibaldi (Italia)","Embajadores;Mujeres;Fotógrafos;Niños y niñas;Discurso;Colocación de la primera piedra;Monumentos;Italia;Bugnano, Don Alfredo Capece Minutolo, Marquis di;Garibaldi, Giuseppe, 1807-1882","Ciudad de México, México","19.42521491","-99.15552525","Benson Latin American Collection, LLILAS Benson Latin American Studies and Collections, The University of Texas at Austin","124","Image;StillImage","image/tiff","spa","Dominio público","https://creativecommons.org/publicdomain/mark/1.0/","https://jesilove.github.io/untref-collection-builder/item.html?id=cent_106"
"El Sr. Secretario de Relaciones Exteriores lee su discurso relativo a la colocación de la primera piedra del monumento a Garibaldi","Cortés, Antonio; Carrillo, Antonio; Corona, Prisciliano; Escalante, José","1910-09-20","Colocación de la primera piedra del monumento á Garibaldi (Italia)","Discurso;Colocación de la primera piedra;Monumentos;Italia;Creel, Enrique C., 1854-1931;Garibaldi, Giuseppe, 1807-1882","Ciudad de México, México","19.42520416","-99.15548636","Benson Latin American Collection, LLILAS Benson Latin American Studies and Collections, The University of Texas at Austin","126","Image;StillImage","image/tiff","spa","Dominio público","https://creativecommons.org/publicdomain/mark/1.0/","https://jesilove.github.io/untref-collection-builder/item.html?id=cent_107"
"[La concurrencia de la colocacion de la primera piedra del monumento a Pasteur]","Cortés, Antonio; Carrillo, Antonio; Corona, Prisciliano; Escalante, José","1910-09-11","Colocación de la primera piedra del monumento á Pasteur (Francia)","Colocación de la primera piedra;Monumentos;Embajadores;Francia;Pasteur, Louis, 1822-1895;Díaz, Porfirio, 1830-1915;Lefaivre, Paul;Chávez, Ezequiel A., 1868-1946;Sierra, Justo, 1848-1912;Corral, Ramón, 1854-1912;González de Cosío, Manuel, 1836-1913;Landa y Escandón, Guillermo de, 1842-1927;Lefaivre, Paul","Ciudad de México, México","19.43191061","-99.15850946","Benson Latin American Collection, LLILAS Benson Latin American Studies and Collections, The University of Texas at Austin","112","Image;StillImage","image/tiff","spa","Dominio público","https://creativecommons.org/publicdomain/mark/1.0/","https://jesilove.github.io/untref-collection-builder/item.html?id=cent_108"
"El Sr. Presidente de la República coloca la primera piedra del monumento a Pasteur","Cortés, Antonio; Carrillo, Antonio; Corona, Prisciliano; Escalante, José","1910-09-11","Colocación de la primera piedra del monumento á Pasteur (Francia)","Colocación de la primera piedra;Monumentos;Embajadores;Francia;Pasteur, Louis, 1822-1895;Díaz, Porfirio, 1830-1915;Lefaivre, Paul;Corral, Ramón, 1854-1912;Sierra, Justo, 1848-1912;Lefaivre, PaulMolina, Olegario, 1843-1925","Ciudad de México, México","19.43191061","-99.15850946","Benson Latin American Collection, LLILAS Benson Latin American Studies and Collections, The University of Texas at Austin","113","Image;StillImage","image/tiff","spa","Dominio público","https://creativecommons.org/publicdomain/mark/1.0/","https://jesilove.github.io/untref-collection-builder/item.html?id=cent_109"
"[El Sr. Presidente del Ayuntamiento de la ciudad de México lee su discurso relativo a la dedicación de la Avenida Isabel la Católica]","Cortés, Antonio; Carrillo, Antonio; Corona, Prisciliano; Escalante, José","1910-08-31","Dedicación de la Avenida Isabel la Católica (Actos oficiales solemnes)","Discurso;Arreglo y decoración de mesa;Dedicaciones;Arquitectura interior;España;Pimentel y Fagoaga, Fernando, 1851-1929;Díaz, Porfirio, 1830-1915;Cólogan y Cólogan, Bernardo J., 1847-1921;Isabella I, Queen of Spain, 1451-1504","Ciudad de México, México","19.43179852","-99.13386151","Benson Latin American Collection, LLILAS Benson Latin American Studies and Collections, The University of Texas at Austin","67","Image;StillImage","image/tiff","spa","Dominio público","https://creativecommons.org/publicdomain/mark/1.0/","https://jesilove.github.io/untref-collection-builder/item.html?id=cent_110"
"[El Sr. Presidente del Ayuntamiento de la ciudad de México lee su discurso relativo a la dedicación de la Avenida Isabel la Católica]","Cortés, Antonio; Carrillo, Antonio; Corona, Prisciliano; Escalante, José","1910-08-31","Dedicación de la Avenida Isabel la Católica (Actos oficiales solemnes)","Arreglo y decoración de mesa;Dedicaciones;Arquitectura interior;España;Pimentel y Fagoaga, Fernando, 1851-1929;Cólogan y Cólogan, Bernardo J., 1847-1921;Isabella I, Queen of Spain, 1451-1504","Ciudad de México, México","19.43179852","-99.13386151","Benson Latin American Collection, LLILAS Benson Latin American Studies and Collections, The University of Texas at Austin","68","Image;StillImage","image/tiff","spa","Dominio público","https://creativecommons.org/publicdomain/mark/1.0/","https://jesilove.github.io/untref-collection-builder/item.html?id=cent_111"
"[La mesa presidencial en el acto del descubrimiento de la lápida conmemorativa del Real Seminario de Minería]","Cortés, Antonio; Carrillo, Antonio; Corona, Prisciliano; Escalante, José","1910-09-12","En el edificio del Real Seminario de Mineria (Descubrimientos de lápidas conmemorativas)","Escuelas y educación de minería;Placas;Mujeres;Indígenas","Ciudad de México, México","19.43438611","-99.12836454","Benson Latin American Collection, LLILAS Benson Latin American Studies and Collections, The University of Texas at Austin","294","Image;StillImage","image/tiff","spa","Dominio público","https://creativecommons.org/publicdomain/mark/1.0/","https://jesilove.github.io/untref-collection-builder/item.html?id=cent_112"
"La mesa presidencial en el acto del descubrimiento de la lápida conmemorativa del Real Seminario de Minería","Cortés, Antonio; Carrillo, Antonio; Corona, Prisciliano; Escalante, José","1910-09-12","En el edificio del Real Seminario de Mineria (Descubrimientos de lápidas conmemorativas)","Escuelas y educación de minería;Placas;Mujeres;Indígenas","Ciudad de México, México","19.43438611","-99.12836454","Benson Latin American Collection, LLILAS Benson Latin American Studies and Collections, The University of Texas at Austin","295","Image;StillImage","image/tiff","spa","Dominio público","https://creativecommons.org/publicdomain/mark/1.0/","https://jesilove.github.io/untref-collection-builder/item.html?id=cent_113"
"Niñas concurrentes al acto del descubrimiento de la lápida conmemorativa de la prisión de Morelos","Cortés, Antonio; Carrillo, Antonio; Corona, Prisciliano; Escalante, José","1910-09-21","En la prisión de Morelos (Descubrimientos de lápidas conmemorativas)","Mujeres;Placas;Niños y niñas;Cárceles;Morelos, José María, 1765-1815","Ciudad de México, México","19.42958947","-99.14950647","Benson Latin American Collection, LLILAS Benson Latin American Studies and Collections, The University of Texas at Austin","291","Image;StillImage","image/tiff","spa","Dominio público","https://creativecommons.org/publicdomain/mark/1.0/","https://jesilove.github.io/untref-collection-builder/item.html?id=cent_114"
"Lapida conmemorativa de la prisión de Morelos","Cortés, Antonio; Carrillo, Antonio; Corona, Prisciliano; Escalante, José","1910-09-21","En la prisión de Morelos (Descubrimientos de lápidas conmemorativas)","Placas;Cárceles;Morelos, José María, 1765-1815","Ciudad de México, México","19.42947248","-99.14954065","Benson Latin American Collection, LLILAS Benson Latin American Studies and Collections, The University of Texas at Austin","817","Image;StillImage","image/tiff","spa","Dominio público","https://creativecommons.org/publicdomain/mark/1.0/","https://jesilove.github.io/untref-collection-builder/item.html?id=cent_115"
"El estrado oficial en el acto de la inauguración de la Escuela N. de Altos Estudios","Cortés, Antonio; Carrillo, Antonio; Corona, Prisciliano; Escalante, José","1910-09-18","Escuela Nacional de Altos Estudios (Inauguración de establecimientos educativos)","Universidades y colegios;Educación;Estudiantes;Inauguraciones;Hospitalidad","Ciudad de México, México","19.43305333","-99.12865803","Benson Latin American Collection, LLILAS Benson Latin American Studies and Collections, The University of Texas at Austin","567","Image;StillImage","image/tiff","spa","Dominio público","https://creativecommons.org/publicdomain/mark/1.0/","https://jesilove.github.io/untref-collection-builder/item.html?id=cent_116"
"Escuela Nacional Primaria Industrial para Niñas &quot;La Corregidora de Querétaro&quot;","Cortés, Antonio; Carrillo, Antonio; Corona, Prisciliano; Escalante, José","1910-09-07","Escuela Nacional Primaria Industrial para Niñas &quot;La Corregidora de Querétaro&quot; (Inauguración de establecimientos educativos)","Arquitectura;Educación;Mujeres;Vida en la calle;Inauguraciones;Niños y niñas;Ortiz de Domínguez, María Josefa, 1768-1829","Ciudad de México, México","19.43856097","-99.1401771","Benson Latin American Collection, LLILAS Benson Latin American Studies and Collections, The University of Texas at Austin","482","Image;StillImage","image/tiff","spa","Dominio público","https://creativecommons.org/publicdomain/mark/1.0/","https://jesilove.github.io/untref-collection-builder/item.html?id=cent_117"
"[Escuela Nacional Primaria Industrial para Niñas &quot;La Corregidora de Querétaro&quot;]","Cortés, Antonio; Carrillo, Antonio; Corona, Prisciliano; Escalante, José","1910-09-07","Escuela Nacional Primaria Industrial para Niñas &quot;La Corregidora de Querétaro&quot; (Inauguración de establecimientos educativos)","Arquitectura;Educación;Patios;Mujeres;Inauguraciones;Niños y niñas;Ortiz de Domínguez, María Josefa, 1768-1829","Ciudad de México, México","19.43927344","-99.14062752","Benson Latin American Collection, LLILAS Benson Latin American Studies and Collections, The University of Texas at Austin","483","Image;StillImage","image/tiff","spa","Dominio público","https://creativecommons.org/publicdomain/mark/1.0/","https://jesilove.github.io/untref-collection-builder/item.html?id=cent_118"
"Salida de la concurrencia de la Escuela Normal","Cortés, Antonio; Carrillo, Antonio; Corona, Prisciliano; Escalante, José","1910-09-12","Escuela Normal Primaria para Maestros (Inauguración de establecimientos educativos)","Arquitectura;Fotógrafos;Educación;Automóviles;Inauguraciones;Universidades y colegios","Ciudad de México, México","19.4502678","-99.17375429","Benson Latin American Collection, LLILAS Benson Latin American Studies and Collections, The University of Texas at Austin","502","Image;StillImage","image/tiff","spa","Dominio público","https://creativecommons.org/publicdomain/mark/1.0/","https://jesilove.github.io/untref-collection-builder/item.html?id=cent_119"
"El Sr. Presidente de la República recorre la Escuela Normal","Cortés, Antonio; Carrillo, Antonio; Corona, Prisciliano; Escalante, José","1910-09-12","Escuela Normal Primaria para Maestros (Inauguración de establecimientos educativos)","Mujeres;Educación;Inauguraciones;Universidades y colegios;Díaz, Porfirio, 1830-1915;Ortega Díaz, Delfina","Ciudad de México, México","19.4506646","-99.17378833","Benson Latin American Collection, LLILAS Benson Latin American Studies and Collections, The University of Texas at Austin","503","Image;StillImage","image/tiff","spa","Dominio público","https://creativecommons.org/publicdomain/mark/1.0/","https://jesilove.github.io/untref-collection-builder/item.html?id=cent_120"
"[El Sr. Presidente de la Republica y su Gabinete llegan a la Exposición de Agricultura]","Cortés, Antonio; Carrillo, Antonio; Corona, Prisciliano; Escalante, José","1910-09-24","Exposición de Agricultura y Ganadería (Exposiciones científicas)","Funcionarios del gabinete;Mujeres;Multitudes;Niños y niñas;Ferias;Díaz, Porfirio, 1830-1915","Ciudad de México, México","19.44882349","-99.1714841","Benson Latin American Collection, LLILAS Benson Latin American Studies and Collections, The University of Texas at Austin","613","Image;StillImage","image/tiff","spa","Dominio público","https://creativecommons.org/publicdomain/mark/1.0/","https://jesilove.github.io/untref-collection-builder/item.html?id=cent_121"
"El Sr. Presidente de la Republica y su Gabinete llegan a la Exposición de Agricultura","Cortés, Antonio; Carrillo, Antonio; Corona, Prisciliano; Escalante, José","1910-09-24","Exposición de Agricultura y Ganadería (Exposiciones científicas)","Funcionarios del gabinete;Mujeres;Multitudes;Niños y niñas;Ferias;Díaz, Porfirio, 1830-1915","Ciudad de México, México","19.44882349","-99.1714841","Benson Latin American Collection, LLILAS Benson Latin American Studies and Collections, The University of Texas at Austin","614","Image;StillImage","image/tiff","spa","Dominio público","https://creativecommons.org/publicdomain/mark/1.0/","https://jesilove.github.io/untref-collection-builder/item.html?id=cent_122"
"Jardín de la Exposición Japonesa ","Cortés, Antonio; Carrillo, Antonio; Corona, Prisciliano; Escalante, José","1910-09-02","Exposición Japonesa (Exposiciones artísticas)","Exposiciones;Jardines;Estanques;Japón","Ciudad de México, México","19.44177949","-99.1569447","Benson Latin American Collection, LLILAS Benson Latin American Studies and Collections, The University of Texas at Austin","642","Image;StillImage","image/tiff","spa","Dominio público","https://creativecommons.org/publicdomain/mark/1.0/","https://jesilove.github.io/untref-collection-builder/item.html?id=cent_123"
"[Jardín de la Exposición Japonesa]","Cortés, Antonio; Carrillo, Antonio; Corona, Prisciliano; Escalante, José","1910-09-02","Exposición Japonesa (Exposiciones artísticas)","Mujeres;Exposiciones;Jardines;Japón;Díaz, Porfirio, 1830-1915","Ciudad de México, México","19.44177949","-99.1569447","Benson Latin American Collection, LLILAS Benson Latin American Studies and Collections, The University of Texas at Austin","643","Image;StillImage","image/tiff","spa","Dominio público","https://creativecommons.org/publicdomain/mark/1.0/","https://jesilove.github.io/untref-collection-builder/item.html?id=cent_124"
"[Monumento a Humboldt]","Cortés, Antonio; Carrillo, Antonio; Corona, Prisciliano; Escalante, José","1910-09-13","Inauguración del monumento á Humboldt (Alemania)","Monumentos;Arquitectura;Bibliotecas nacionales;Inauguración;Alemania;Humboldt, Alexander von, 1769-1859","Ciudad de México, México","19.43042272","-99.13665333","Benson Latin American Collection, LLILAS Benson Latin American Studies and Collections, The University of Texas at Austin","20","Image;StillImage","image/tiff","spa","Dominio público","https://creativecommons.org/publicdomain/mark/1.0/","https://jesilove.github.io/untref-collection-builder/item.html?id=cent_125"
"Biblioteca Nacional","Cortés, Antonio; Carrillo, Antonio; Corona, Prisciliano; Escalante, José","1910-09-13","Inauguración del monumento á Humboldt (Alemania)","Monumentos;Arquitectura;Bibliotecas nacionales;Mujeres;Niños y niñas;Inauguración;Alemania;Humboldt, Alexander von, 1769-1859","Ciudad de México, México","19.430598","-99.13679842","Benson Latin American Collection, LLILAS Benson Latin American Studies and Collections, The University of Texas at Austin","21","Image;StillImage","image/tiff","spa","Dominio público","https://creativecommons.org/publicdomain/mark/1.0/","https://jesilove.github.io/untref-collection-builder/item.html?id=cent_126"
"El acto de la apertura del Congreso Médico","Cortés, Antonio; Carrillo, Antonio; Corona, Prisciliano; Escalante, José","1910-09-19","IV Congreso Médico Nacional (Congresos)","Atención médica;Congresos;Mujeres;Pintura y decoración mural","Ciudad de México, México","19.4330687","-99.12879089","Benson Latin American Collection, LLILAS Benson Latin American Studies and Collections, The University of Texas at Austin","609","Image;StillImage","image/tiff","spa","Dominio público","https://creativecommons.org/publicdomain/mark/1.0/","https://jesilove.github.io/untref-collection-builder/item.html?id=cent_127"
"[El Sr. Ministro de Instrucción Publica y varios miembros del Congreso Médico]","Cortés, Antonio; Carrillo, Antonio; Corona, Prisciliano; Escalante, José","1910-09-19","IV Congreso Médico Nacional (Congresos)","Atención médica;Congresos;Pintura y decoración mural;Sierra, Justo, 1848-1912","Ciudad de México, México","19.4330687","-99.12879089","Benson Latin American Collection, LLILAS Benson Latin American Studies and Collections, The University of Texas at Austin","610","Image;StillImage","image/tiff","spa","Dominio público","https://creativecommons.org/publicdomain/mark/1.0/","https://jesilove.github.io/untref-collection-builder/item.html?id=cent_128"
"Aspecto del costado oriental de la Plaza de la Constitución durante la jura de la bandera por los niños","Ramos, Manuel","1910-09-06","Jura de la bandera por los niños de las escuelas de la Capital","Niños y niñas;Plazas;Multitudes;Trenes;Banderas;Educación","Ciudad de México, México","19.432025","-99.13211439","Benson Latin American Collection, LLILAS Benson Latin American Studies and Collections, The University of Texas at Austin","348","Image;StillImage","image/tiff","spa","Dominio público","https://creativecommons.org/publicdomain/mark/1.0/","https://jesilove.github.io/untref-collection-builder/item.html?id=cent_129"
"Grupo de niñas que juraron la bandera en la Alameda de Santa María","Cortés, Antonio; Carrillo, Antonio; Corona, Prisciliano; Escalante, José","1910-09-06","Jura de la bandera por los niños de las escuelas de la Capital","Mujeres;Niños y niñas;Renacimiento morisco (Arquitectura);Banderas;Educación","Ciudad de México, México","19.44945456","-99.15689078","Benson Latin American Collection, LLILAS Benson Latin American Studies and Collections, The University of Texas at Austin","362","Image;StillImage","image/tiff","spa","Dominio público","https://creativecommons.org/publicdomain/mark/1.0/","https://jesilove.github.io/untref-collection-builder/item.html?id=cent_130"
"La mesa presidencial en la manifestación de los estudiantes en honor de Juárez","Cortés, Antonio; Carrillo, Antonio; Corona, Prisciliano; Escalante, José","1910-09-20","Manifestación en honor de Juárez (Homenajes á los héroes de la patria)","Mujeres;Actividades estudiantiles;Monumentos;Atención médica;Juárez, Benito, 1806-1872","Ciudad de México, México","19.43503879","-99.14419405","Benson Latin American Collection, LLILAS Benson Latin American Studies and Collections, The University of Texas at Austin","332","Image;StillImage","image/tiff","spa","Dominio público","https://creativecommons.org/publicdomain/mark/1.0/","https://jesilove.github.io/untref-collection-builder/item.html?id=cent_131"
"El Sr. Rafael H. Valle lee su discurso en honor de Juárez","Cortés, Antonio; Carrillo, Antonio; Corona, Prisciliano; Escalante, José","1910-09-20","Manifestación en honor de Juárez (Homenajes á los héroes de la patria)","Actividades estudiantiles;Monumentos;Atención médica;Juárez, Benito, 1806-1872","Ciudad de México, México","19.43504313","-99.14413297","Benson Latin American Collection, LLILAS Benson Latin American Studies and Collections, The University of Texas at Austin","830","Image;StillImage","image/tiff","spa","Dominio público","https://creativecommons.org/publicdomain/mark/1.0/","https://jesilove.github.io/untref-collection-builder/item.html?id=cent_132"
"[Distribución de ropa a los niños pobres en la casa del Sr. Gobernador De Landa y Escandón]","Cortés, Antonio; Carrillo, Antonio; Corona, Prisciliano; Escalante, José","1910-09-01","Obsequios á los niños pobres","Mujeres;Niños y niñas;Caridad;Ropa;Osio de Landa, Sofía;Landa y Escandón, Guillermo de, 1842-1927","Ciudad de México, México","19.43426337","-99.15592568","Benson Latin American Collection, LLILAS Benson Latin American Studies and Collections, The University of Texas at Austin","445","Image;StillImage","image/tiff","spa","Dominio público","https://creativecommons.org/publicdomain/mark/1.0/","https://jesilove.github.io/untref-collection-builder/item.html?id=cent_133"
"Distribución de ropa a los niños pobres en la casa del Sr. Gobernador De Landa y Escandón","Cortés, Antonio; Carrillo, Antonio; Corona, Prisciliano; Escalante, José","1910-09-01","Obsequios á los niños pobres","Mujeres;Niños y niñas;Caridad;Ropa;Osio de Landa, Sofía;Landa y Escandón, Guillermo de, 1842-1927","Ciudad de México, México","19.43426337","-99.15592568","Benson Latin American Collection, LLILAS Benson Latin American Studies and Collections, The University of Texas at Austin","870","Image;StillImage","image/tiff","spa","Dominio público","https://creativecommons.org/publicdomain/mark/1.0/","https://jesilove.github.io/untref-collection-builder/item.html?id=cent_134"
"El Sr. Ministro de Instrucción Publica y varios miembros del Congreso de Educación","Cortés, Antonio; Carrillo, Antonio; Corona, Prisciliano; Escalante, José","1910-09-13","Primer Congreso Nacional de Educación Primaria (Congresos)","Congresos;Educación;Niños y niñas;Pintura y decoración mural;Sierra, Justo, 1848-1912;Chávez, Ezequiel A., 1868-1946","Ciudad de México, México","19.4330687","-99.12879089","Benson Latin American Collection, LLILAS Benson Latin American Studies and Collections, The University of Texas at Austin","599","Image;StillImage","image/tiff","spa","Dominio público","https://creativecommons.org/publicdomain/mark/1.0/","https://jesilove.github.io/untref-collection-builder/item.html?id=cent_135"
"Aspecto del salón donde se efectuó la apertura del Congreso de Educación","Cortés, Antonio; Carrillo, Antonio; Corona, Prisciliano; Escalante, José","1910-09-13","Primer Congreso Nacional de Educación Primaria (Congresos)","Mujeres;Congresos;Educación;Niños y niñas","Ciudad de México, México","19.4330687","-99.12879089","Benson Latin American Collection, LLILAS Benson Latin American Studies and Collections, The University of Texas at Austin","604","Image;StillImage","image/tiff","spa","Dominio público","https://creativecommons.org/publicdomain/mark/1.0/","https://jesilove.github.io/untref-collection-builder/item.html?id=cent_136"
"La mesa directiva del Congreso de Estudiantes","Cortés, Antonio; Carrillo, Antonio; Corona, Prisciliano; Escalante, José","1910-09-06","Primer Congreso Nacional de Estudiantes (Congresos)","Estudiantes;Actividades estudiantiles;Mujeres;Museos nacionales;Congresos","Ciudad de México, México","19.43324239","-99.13044923","Benson Latin American Collection, LLILAS Benson Latin American Studies and Collections, The University of Texas at Austin","608","Image;StillImage","image/tiff","spa","Dominio público","https://creativecommons.org/publicdomain/mark/1.0/","https://jesilove.github.io/untref-collection-builder/item.html?id=cent_137"
"El patio del Museo Nacional a la llegada de la fuente bautismal de Hidalgo","Cortés, Antonio; Carrillo, Antonio; Corona, Prisciliano; Escalante, José","1910-09-02","Translación al Museo de la fuente bautismal de Hidalgo","Bautismo;Iglesia Católica;Multitudes;Museos nacionales;Hidalgo y Costilla, Miguel, 1753-1811","Ciudad de México, México","19.43308345","-99.13027496","Benson Latin American Collection, LLILAS Benson Latin American Studies and Collections, The University of Texas at Austin","183","Image;StillImage","image/tiff","spa","Dominio público","https://creativecommons.org/publicdomain/mark/1.0/","https://jesilove.github.io/untref-collection-builder/item.html?id=cent_138"
"El Sr. Secretario de Instrucción Publica y Bellas Artes contesta al discurso de entrega de la fuente bautismal de Hidalgo","Cortés, Antonio; Carrillo, Antonio; Corona, Prisciliano; Escalante, José","1910-09-02","Translación al Museo de la fuente bautismal de Hidalgo","Bautismo;Iglesia Católica;Multitudes;Museos nacionales;Hidalgo y Costilla, Miguel, 1753-1811;Chávez, Ezequiel A., 1868-1946;Sierra, Justo, 1848-1912","Ciudad de México, México","19.43301326","-99.13041108","Benson Latin American Collection, LLILAS Benson Latin American Studies and Collections, The University of Texas at Austin","184","Image;StillImage","image/tiff","spa","Dominio público","https://creativecommons.org/publicdomain/mark/1.0/","https://jesilove.github.io/untref-collection-builder/item.html?id=cent_139"
"El estrado oficial en el acto de la inauguración de la Universidad Nacional","Cortés, Antonio; Carrillo, Antonio; Corona, Prisciliano; Escalante, José","1910-09-22","Universidad Nacional (Inauguración de establecimientos educativos)","Universidades y colegios;Educación;Auditorios;Instrumentos musicales;Inauguraciones;Sierra, Justo, 1848-1912","Ciudad de México, México","19.43442609","-99.13057084","Benson Latin American Collection, LLILAS Benson Latin American Studies and Collections, The University of Texas at Austin","574","Image;StillImage","image/tiff","spa","Dominio público","https://creativecommons.org/publicdomain/mark/1.0/","https://jesilove.github.io/untref-collection-builder/item.html?id=cent_140"
"La concurrencia al acto de la inauguración de la Universidad Nacional","Cortés, Antonio; Carrillo, Antonio; Corona, Prisciliano; Escalante, José","1910-09-22","Universidad Nacional (Inauguración de establecimientos educativos)","Mujeres;Universidades y colegios;Multitudes;Estudiantes;Auditorios;Educación;Inauguraciones","Ciudad de México, México","19.43442609","-99.13057084","Benson Latin American Collection, LLILAS Benson Latin American Studies and Collections, The University of Texas at Austin","578","Image;StillImage","image/tiff","spa","Dominio público","https://creativecommons.org/publicdomain/mark/1.0/","https://jesilove.github.io/untref-collection-builder/item.html?id=cent_141"
"El acto de la apertura del Congreso de Americanistas","Cortés, Antonio; Carrillo, Antonio; Corona, Prisciliano; Escalante, José","1910-09-07","XVII Congreso Internacional de Americanistas (Congresos)","Museos nacionales;Académicos;Congresos;San Juan Teotihuacán, México, México","Ciudad de México, México","19.43324239","-99.13044923","Benson Latin American Collection, LLILAS Benson Latin American Studies and Collections, The University of Texas at Austin","581","Image;StillImage","image/tiff","spa","Dominio público","https://creativecommons.org/publicdomain/mark/1.0/","https://jesilove.github.io/untref-collection-builder/item.html?id=cent_142"
"Grupo de diplomáticos y americanistas en San Juan Teotihuacán","Cortés, Antonio; Carrillo, Antonio; Corona, Prisciliano; Escalante, José","1910-09-10","XVII Congreso Internacional de Americanistas (Congresos)","Mujeres;Académicos;Congresos;San Juan Teotihuacán, México, México;Sierra, Justo, 1848-1912","Ciudad de México, México","19.68896737","-98.83683214","Benson Latin American Collection, LLILAS Benson Latin American Studies and Collections, The University of Texas at Austin","589","Image;StillImage","image/tiff","spa","Dominio público","https://creativecommons.org/publicdomain/mark/1.0/","https://jesilove.github.io/untref-collection-builder/item.html?id=cent_143"

